{"time on": 1.90473, "time off": 1.07234, "distance on": 2.278551368362422, "distance off": 0.6761732587452962, "total distance": 2.9547246271077183, "total time": 2.9770700000000003, "number events": 933}